first_name,last_name
Myrle,Barme
Dan,Dows
Shaylynn,Treverton
Atlanta,Dauber
Babs,Loveredge
Dorisa,Dutteridge
Matthus,Alloisi
Tucker,Deverall
Chrissie,Gravy
Faye,Houlton
Lillian,McEwen
Nealy,Stollenbeck
Harriot,Comer
Dulcia,Scoggins
Linell,Dawidman
Thane,Thirsk
Charlene,Roskelly
Britte,Attryde
Helge,Ledster
Donna,Freeberne
Fredrika,Featenby
Madeleine,Griswood
Cash,Dunk
Ollie,Agney
Bellina,Genever
Ewell,Vaulkhard
Maiga,Chrishop
Dominica,Robilart
Stinky,Dene
Craggy,Farncombe
Derek,Alenichev
Muriel,Westrope
Amanda,Eliot
Nettle,Epsly
Dido,Rassell
Blair,Riggulsford
Nelle,Larmor
Alfred,Cramond
Rusty,Pashe
Mort,Strutz
Lorenza,Glandon
Alistair,Hinksen
Ailina,Semaine
Evelyn,Burnall
Teodor,Frushard
Jonathan,Unworth
Gaven,Whitley
Delmore,Rachuig
Randene,Varvara
Rosana,Vials
Hurley,Fante
Marietta,Huckabe
Hilly,McHaffy
Jaymee,Caulkett
Arney,Leveritt
Brander,Mintoff
Xavier,Seeviour
Nealy,Borman
Erin,Unger
Jarrett,Seifenmacher
Lin,O'Corren
Galven,Cleghorn
Rikki,Bowcher
Florella,Foulds
Lolita,Corstorphine
Stacy,Danielsky
Sadye,Campa
Nicolle,Muncer
Orella,Chrippes
Jordain,Mettricke
Tedd,Giovanazzi
Josee,Doodney
Coleman,Sparrow
Sigismond,Gosalvez
Cindelyn,Schriren
Jeno,Sergison
Corrie,Dudenie
Jeanette,Fennelow
Natala,Bampforth
Nathanial,Le Port
Lionel,Bedbury
Caddric,O'Heneghan
Brenda,Bremeyer
Gareth,McChesney
Dorolice,Dykas
Kailey,Velde
Stanton,Grund
Aldric,Flement
Gus,Ledgley
Stormi,Strain
Araldo,Corser
Olia,Cowton
Tabby,Plummer
Emmy,Sickamore
Forrest,Rainville
Lucien,Cloney
Raynor,Hurring
Gizela,Boutflour
Hestia,Andrichak
Emmaline,Fourcade
Tessa,Ablett
Stafford,Hopkins
Lurlene,Holhouse
Lemuel,Muzzall
Leeland,Hedworth
Julie,Bowhay
Riccardo,Probey
Sean,Stanyer
Janice,Remer
Hanni,Inseal
L;urette,Finden
Bethena,Cathcart
Katha,Ramplee
Lynna,Greatrakes
Elbert,Cabral
Paton,Dungate
Tracy,Zeal
Hinze,A'Barrow
Corrina,Ritter
Burnard,Bligh
Amitie,Symonds
Amelita,Toyne
Galven,Vayro
Morrie,Garnam
Idell,Duck
Micheil,Sperling
Katrine,Fretter
Carey,Trusler
Clarette,Kynforth
Etan,Issac
Dorelia,Haisell
Vito,Mitchener
Montague,Le Provest
Timothea,Payn
Charmian,Saintpierre
Fern,Force
Moreen,Clementucci
Fancy,Steckings
Vi,Hurton
Debera,Brewins
Cassandre,Nielson
Allie,Eykelhof
Talya,Bottby
Roth,Petlyura
Maison,Mullen
Dorie,McMullen
Ola,Alcorn
Emlyn,Colqueran
Gale,Kettlesting
Atalanta,Caplan
Annetta,Foxton
Wyn,Davidovitz
Lilah,McKenney
Rockey,Philbin
Hadrian,Esslement
Margret,Caddock
Robinett,Dinnis
Carie,Goodlad
Abba,Wetton
Sorcha,Christofor
Normy,Blankman
Even,Semon
Maude,Baylie
Ellissa,Bissell
Joly,Odegaard
Aurore,Earsman
Lilias,Ruppel
Cello,Hardwidge
Albert,Breed
Breena,Cuckoo
Jonah,Bindley
Shurwood,Hunting
Dannel,Fibbens
Gertruda,Roark
Adelbert,Pellington
Lian,Leall
Damita,Cush
Mina,Kirby
Myrtle,Zink
Killie,Siene
Ralina,Losselyong
Randall,Collecott
Aimil,Flowerden
Grier,Tynewell
Jesse,Akehurst
Liza,Jeschner
Shara,Karslake
Malinde,Blofield
Mirna,Woodger
Shanta,Scamwell
Elbertina,Pudney
Sydney,Hammand
Abbe,Blacklock
Rogers,Longdon
Freddy,Shreeve
Shermie,Lanfer
Marietta,Kilbourn
Aggie,Brealey
Grier,Dutton
Sosanna,Joppich
Grethel,Johnston
Lyndel,Alker
Petronille,Seine
Marijo,Lancett
Tammie,Hyams
Kelci,Westwell
Clemmy,Tucknutt
Paige,Szymon
Markos,Pepon
Chiquita,Duplain
Brennen,Tomasoni
Doug,Spain
Jerry,Dye
Nealy,Stutte
Daisi,Shade
Carrie,Peschmann
Arline,Earengey
Madelene,Iredale
Anetta,Coller
Lyell,Pack
Abram,Gobel
Harland,Schober
Renae,Phil
Amble,Standen
Gaby,Speechley
Frazer,Braunes
Halimeda,Sheal
Gustaf,Nurdin
Amie,Barrasse
Ashley,Waith
Reyna,Klemps
Annie,Gilliver
Letti,O'Scanlan
Marsha,Sempill
Walsh,Wickwar
Jacobo,Burnall
Conrado,Tarren
Drucie,Jones
Petronella,Murdoch
Forbes,Burchmore
Samuel,Wagstaff
Richard,Roskrug
Ariana,Corradini
Codee,Tschiersch
Alma,Blucher
Zulema,Bauduccio
Rubetta,Knowlys
Glennie,Knagges
Inglis,Andrzejczak
Nariko,Ybarra
Owen,Banaszczyk
Rosalinda,Crampton
Sher,Hargreves
Humfrey,Calf
Kai,Fieldsend
Richard,Mugg
Derrick,Lars
Edd,Face
Jannel,Greener
Cheri,Duffit
Chadd,Klimkiewich
Hetti,Covendon
Rania,Marder
Sibylle,Anderson
Danika,Blant
Sinclair,Kiddle
Alberik,Maccrea
Livia,Strangeway
Lidia,Meni
Maxie,Sicha
Sophi,Titley
Dulcia,Bollam
Anton,Davana
Shamus,Pett
Maurise,Holbury
Kimmy,Semrad
Zedekiah,Schellig
Shannon,Gabriely
Ginger,Lunge
Godiva,Carr
Lin,Crowe
Fianna,Rivelin
Blaire,Van Rembrandt
Laraine,Vickerman
Hernando,Mercer
Elton,Goldston
Alic,Carass
Abdel,Allett
Flora,Bridel
Fabien,Blinerman
Wendeline,Kroger
Preston,Whimp
Sharline,Rotte
Manolo,Tynemouth
Daveen,Hlavac
Danella,Loudyan
Bethany,Mattheis
Nicola,Coppenhall
Sanderson,Bannon
Urban,Olsson
Dorrie,Ellesmere
Matilde,Harvett
Claudio,Seville
Kirby,Lannen
Cristina,McKniely
Rube,Pledger
Beverly,Kenyam
Amby,Jeaycock
Sigismund,Garmanson
Kellen,Royl
Jaquelin,Polet
Knox,Kettlestringes
Mason,Ridsdole
Karlan,McGreay
Jonell,Moroney
Shawn,Meneyer
Kim,Pendell
Jennifer,Treske
Clemmy,Quadrio
Sandie,Aird
Haslett,Dale
Kissee,Duddell
Doretta,Myrick
Filippo,Jeffes
Grover,Larrington
Tallulah,Heardman
Barbabas,Margram
Eleni,Herrero
Blinnie,Blodgett
Niels,Hinze
Anica,Matson
Shaun,O'Hannay
Durand,Lydall
Ira,Chattelaine
Sallee,McKeveney
Corey,Stolli
Lynnette,Gladtbach
Margalo,Peart
Auguste,Avory
Trula,Beatson
Amerigo,Fitton
Willie,Dumbelton
Chris,Entwistle
Julius,Skerritt
Zorina,Lawland
Darrelle,Daulby
Gabby,Gammill
Harriett,Prene
Herta,Palay
Tawsha,Tubb
Devlen,Tilbey
See,Bardey
Germana,Aujean
Dag,McCulley
Rabi,Limeburn
Madalena,Lambotin
Lamont,Lodemann
Ardys,Hairon
Gilda,Blastock
Laurel,Reyburn
Marshal,Villiers
Kelsy,Cullivan
Darla,Josephson
Esme,Rossin
Burtie,Tatchell
Evangelia,Pask
Aggie,Cleall
Vaclav,O'Mara
Pedro,Winspar
Chicky,Vereker
Matty,O'Gaven
Gray,Tattershaw
Phebe,Applebee
Wait,Lapsley
Penelope,Aymer
Bernadina,Geeritz
Gallagher,Kidder
Caryl,Dominka
Harper,Bernardi
Man,Domleo
Christa,Albinson
Elwood,Coulling
Nola,Guarnier
Sonnnie,Denkin
Coralyn,Stroulger
Lee,Walak
Marys,Buxcey
Jo ann,Bottom
Fergus,Nutley
Annnora,Klimkowski
Merla,Swainston
Hewie,Tattoo
Tabbie,Vallance
Mic,Giannassi
Laurel,Gaitung
Hubey,Ubank
Kaela,Watsham
Adriane,O'Dee
Franky,Yoodall
Xenia,Debling
Amitie,Pywell
Shoshana,Wahlberg
Neale,Sherer
Maridel,Fallens
Kaila,Kidstoun
Sibylle,Beahan
Washington,Danilenko
Kerianne,Dikelin
Knox,Lauchlan
Stefanie,Dimanche
Colleen,Woolpert
Rora,Lovie
Stu,McMeekin
Colby,Monson
Jordon,Ciardo
Myrtice,Ende
Reinwald,Harnor
Orrin,Popplewell
Matelda,Romke
Hilary,Grimmolby
Lynn,Samwaye
Gerick,Gilfether
Ginger,Settle
Aili,Le-Good
Sergent,Rubes
Maddalena,Bowland
Annaliese,Jeaffreson
Emelina,Simonin
Say,Conquer
Rochell,Sergeant
Caprice,Grimsdith
Carmen,Folini
Jeromy,Burgon
Fabian,Plaskett
Evangeline,Alejandro
Modesty,Kairns
Eb,Ryrie
Gradeigh,Minghetti
Rozalin,Huygens
Bengt,Guido
Lucille,Upcott
Mortimer,Coetzee
Merry,Mansuer
Lambert,Joddens
Priscilla,Kidder
Austine,Berthon
Rafe,Fullick
Shaun,Udie
Harley,Ferrucci
Kerrie,Bonnavant
Fanchon,Slisby
Briny,Stanbury
Shannah,Champagne
Salim,Audry
Andras,Lytlle
Hayley,Cargon
Kienan,Proven
Ase,Millichip
Glen,Marishenko
Justina,Mc Grath
Brandy,Lally
Morgen,Clowney
Piper,Joincey
Tobin,Rembaud
Abram,Rathe
Berkley,Braysher
Cammy,Weben
Tades,Manass
Ephrayim,Sea
Reese,Umpleby
Windy,Barthelme
Domini,Josefer
Alaster,Sparks
Sam,Screen
Wynn,Kurten
Foss,Winscomb
Orville,Bowshire
Gayler,Rowston
Joseito,Podbury
Brittani,Brent
Emery,Demchen
Lib,Esmead
Ganny,Cochet
Grier,Porteous
Leeland,Stables
Madelene,Ros
Fleming,Rottcher
Jud,Thomelin
Althea,Brood
Sibylla,Hammon
Teddy,Andrick
Cherise,Woollacott
Berkley,Purcer
Nady,Sanderson
Valry,Lynnitt
Otes,Tregunna
Aurilia,Brient
Julian,Finlan
Hertha,Jelliman
Suzi,Buney
Oliviero,Metschke
Sarah,Dunster
Loren,Coker
Luci,Treneer
Leola,Scorthorne
Gregoire,Lapthorne
Eloisa,Schroeder
Gardener,Ferron
Emmey,Feasley
Alexa,Lamperd
Skyler,Arnolds
Laura,Longfut
Louis,Flieg
Marcela,Climer
Benedict,Verbrugge
Nataniel,Meadmore
Link,Colwell
Goldie,O'Scanlon
Diana,Simmell
Justina,Warland
Harland,Stilwell
Asa,Taylorson
Edmund,Wortman
Janessa,Moubray
Kerk,Semper
Barnabe,Smurfitt
Devan,Snowden
Petronella,Giacopetti
Maureen,Sisson
Cam,Flag
Niccolo,Coke
Nico,Phippard
Blithe,Gehricke
Auria,Giorio
Elden,Copeland
Olivier,Southerns
Odella,Goscar
Avigdor,Silman
Jannelle,Maybey
Jayson,Pratt
Sam,Buswell
Martha,Batkin
Julina,Aleswell
Cletus,Bewshire
Olimpia,Sheldrake
Consalve,Leathem
Regan,Borgesio
Loren,Simonnot
Astra,Estcot
Carter,Lamport
Gabie,Lanham
Stacey,Lugsdin
Audrie,Gippes
Skell,Flecknoe
Minny,Macy
Kirby,Espley
Dominik,Critch
Thorstein,Wickie
Dell,Zorn
Yank,MacNamee
Valeria,Beddard
Salaidh,Grossman
Nataline,Hallifax
Doralyn,Quinnelly
Leonhard,Skyrm
Correna,Gouley
Grannie,Dumphrey
Corney,Becraft
Ara,Ebrall
Audrye,Gladstone
Ossie,Rodrig
Clement,Kinzel
Cherlyn,Casali
Kellina,McDuall
Russ,Coffee
Charyl,Raven
Shir,Hinckley
Gwenny,Piggins
Willdon,Delamere
Gerrie,Neilan
Pepita,Fairbeard
Mirella,Jewkes
Kip,Scarlon
Jeni,Ogles
Hollyanne,Looby
Julio,Dorran
Courtnay,Domenge
Orel,Trace
Cherie,Buddell
Sly,Aynscombe
Briggs,Aguilar
Langston,Anwyl
Shanie,Aleksidze
Blinni,Karpets
Shanna,Witherby
Milena,Clopton
Hewett,Rundall
Pauli,Nolton
Sigfrid,Pariss
Raimund,Vasey
Allegra,Prendeguest
Kassey,Leatherborrow
Flora,Drinan
Chantal,Fourmy
George,Steels
Alfonso,Dumsday
Alexine,Wabb
Washington,Haysey
Ginnifer,McLachlan
Illa,Auden
Dinny,Mussalli
Nisse,Calbaithe
Leigha,Diess
Mel,Ellph
Kerstin,Deniscke
Court,Enderle
Deidre,Stafford
Maryann,Barnish
Ezechiel,Forrestor
Ethe,Dyster
Robinett,Griffey
Page,Cannan
Ashley,Nisius
Burk,Bellany
Venita,Clarycott
Adi,Bradlaugh
Dari,Cortnay
Lorianne,Banbury
Daffi,Caccavari
Gerda,Scoines
Pamela,Stigell
Stanwood,Worshall
Madelle,Escudier
Selina,MacKee
Natty,Burrett
Paxon,Mathely
Tessi,Grevile
Kearney,Playfoot
Abie,Tucknutt
Guntar,Rays
Karole,Amsden
Coralyn,Shetliff
Lefty,Elsby
Rosalynd,Saunder
Binni,Kettle
Timmy,Copp
Silvana,Elderbrant
Lula,McAmish
Millie,O' Hanvey
Karrah,Gyer
Diahann,Girtin
Renie,Schall
Vite,Olyonov
Sean,Patrick
Angela,Bliss
Domeniga,Clapshaw
Leila,Armytage
Costanza,Delgardillo
Alexandre,Chesher
Robinia,Redparth
Aymer,Bugbee
Ora,Longridge
Isaac,Scoterbosh
Gigi,Van Merwe
Abdel,Acuna
Nonah,Brookz
Gran,Tolle
Alastair,Band
Langston,Charlo
Stanford,Mauger
Coral,Ledner
Shoshanna,Arstingall
Paule,Kellet
Garth,Johansen
Chas,Womack
Fabien,Billany
Darline,Machin
Alexi,Tulleth
Arleyne,Grisenthwaite
Fredric,Lunk
Sanson,Pigney
Dulce,Hindrich
Randal,Teligin
Phedra,Quinnelly
Berny,McPhilip
Marcellina,Baynes
Elmer,Vreiberg
Shaylyn,Harhoff
Maud,Byart
Genny,Clogg
Hasheem,Thurstance
Kyle,Stot
Cornelius,Shortcliffe
Selie,Sisneros
Loretta,Goathrop
Maria,Crix
Damian,McGauhy
Francklyn,Conahy
Holly-anne,Gommey
Dave,Potbury
Benedict,Jollye
Kelsey,Comford
Temp,Dalgardno
Mag,Willan
Holden,Cowe
Michaeline,McCollum
Isaac,Creasey
Waylen,Duckering
Munmro,Kitcher
Henryetta,Roberto
Mil,Cardozo
Wolf,Dowty
Rosina,Aldin
Shelly,Cureton
Justus,McGillacoell
Jeanette,Baudoux
Sherline,Jonsson
Stephen,McBoyle
Dionis,McKechnie
Shalne,Sextie
Pernell,Canas
Brittney,Heak
Lonnard,Battersby
Muffin,Van Arsdale
Harrison,Crankshaw
Fania,Marfell
Bennett,Nazer
Patty,Winney
Kaela,Blythin
Peggy,Buffham
Aron,Flatte
Waverly,Stoving
Ferne,Cromie
Thurstan,Raymont
Demetris,Kaveney
Aylmer,Blanshard
Ancell,Thomassen
Norry,McGlaud
Linda,Flecknell
Janeen,Robinette
Mariquilla,Broughton
Lorene,McCrudden
Terra,Toffoloni
Lenette,Forsdyke
Stanleigh,Scanlan
Koralle,McGahey
Dehlia,Rickaby
Wilburt,Koubek
Archaimbaud,Wallice
Cassi,Borkett
Duff,Samber
Kit,Pearce
Leonidas,Treker
Mercedes,Raulston
Silvain,Rosell
Jacquelin,Gogarty
Lauren,Steuhlmeyer
Benn,Ledgeway
Florenza,Dougan
Noell,Prestwich
Laurene,Ashurst
Merline,Arnaldy
Torrence,Boyland
Kenn,Stanistreet
Titos,Fahrenbach
Dew,O'Cannan
Cornelius,Shingler
Trenna,Simic
Homerus,Alabaster
Roanne,Pagitt
Bartholomeo,Falkingham
Wald,Helks
Chrissy,Vize
Des,Harriskine
Eldridge,Tampin
Mufi,Sleightholm
Darill,Lotze
Bryn,Philippart
Briney,Ramsell
Bee,McKellar
Chiarra,Featherstonhaugh
Ashleigh,Coviello
Gaylor,Dibdall
Matelda,Puzey
Bord,Bremmell
Tabitha,Hurnell
Abba,Riches
Brinn,Paish
Massimo,Flowerden
Thorstein,Ramsbottom
Helge,Klesel
Eldon,Cufflin
Eldridge,Kemme
Frederigo,Frankiss
Karney,Vallis
Curran,Woltman
Maggie,Smith
Gilles,Townsend
Dasya,Glidden
Cirstoforo,Coard
Papageno,Tunnock
Aguistin,Martinelli
Fayette,Senior
Colman,Wickrath
Jacinta,Jessopp
Calypso,Bickerdike
Cherish,Gatheral
Erin,Perrone
Dannie,Rilings
Kaine,Snalham
Danita,Acland
Yance,Gilhool
Tadeo,D'Alessio
Robinet,Coger
Boony,Ballingal
Rodger,Vennings
Ginger,Sharville
Trent,Gidney
Doe,Asquith
Marika,Richichi
Woodie,Klima
Hanna,Paten
Jacinda,Moloney
Carmen,Santus
Rhianna,Daton
Natala,Scaplehorn
Helen-elizabeth,M'Barron
Sallyanne,Kliner
Gilberta,Matuschek
Kanya,Reichardt
Kacy,Scare
Gregg,Tebb
Agna,Messier
Drugi,Feria
Orville,Leathers
Antoinette,Foad
Edita,Stewart
Clair,Juett
Pamella,Hammett
Babb,Brisland
Cletis,De Vaux
Oralee,Mablestone
Davide,MacTurlough
Caril,Roiz
Dian,Mager
Owen,Wimbridge
Frans,Blakeway
Sergio,Grinsdale
Stephine,Cuningham
Danya,Frugier
Piotr,Doctor
Farlee,Guarin
Garv,Lammenga
Tonnie,Keeltagh
Madison,Aitkin
Lambert,Virr
Ronnica,Cutmore
Benedicto,Ruane
Tabbitha,Siaspinski
Felix,Lippitt
Lennie,Bettridge
Jackson,Wittering
Maxim,Withrington
Slade,Cron
Joly,Hyslop
Ophelia,Simonassi
Berti,Gegg
Hart,Hubatsch
Clarence,Turbard
Parsifal,Daubeny
Malissia,Bellee
Anthe,Worsnup
Agneta,Pasque
Sabina,Bavister
Ezmeralda,Poppleton
Grover,Hugnot
Gerty,Dunnett
Lorne,Mathew
Bettye,Nutbeam
Martino,Bettesworth
Guillaume,Methringham
Molly,Issatt
Rosmunda,Wordley
Lorne,Simper
Rita,Edmeads
Tybi,Willicott
Alayne,Robuchon
Kelsey,Scoines
Nell,Slainey
Lalo,Gartin
Rafferty,Scrancher
Nan,Heinle
Misty,Cristoforo
Quinta,Waleran
Maude,Cuddon
Susannah,Mogenot
Shelley,Caldairou
Kane,Piche
Janela,Lammin
Antonino,Figger
Tomasine,Bussell
Silvain,Reding
Tanitansy,Althorp
Nalani,Weich
Abran,Cockney
Sidoney,Jeynes
Elijah,Downham
Sonnie,Bazoche
Con,Beers
Tallie,Winckworth
Olwen,Allon
Margi,Woollam
Michaella,Morehall
Ray,Ciccottini
Baldwin,Doerrling
Gladi,Fewkes
Markos,Laurie
Kevan,Luck
Cecilia,Gruszczak
Collen,Surmeyer
Eba,Whodcoat
Annecorinne,Buckbee
Jaine,Ciabatteri
Cornie,Roycroft
Cecil,Autie
Pietrek,Curcher
Ida,Yaknov
Terese,Molson
Fredia,Stollenhof
Maia,Fones
Cord,Start
Kristi,Exposito
Neal,Tidcomb
Shannen,Rarity
Holli,Davern
Vail,Berge
Jeno,Morales
Gabriel,Vettore
Charita,Geraghty
Worthy,Dandie
Kitti,Toppas
Catrina,McGettrick
Harlene,Garnett
Lurette,Casserly
Laurel,Karolewski
Dore,Piggen
Edy,Moran
Shela,Abramovicz
Costa,Lineham
Dickie,Sorrill
Murielle,Osgerby
Rayner,Doutch
Salli,Aubert
Ddene,Eilers
Floris,Margram
Rory,Joisce
Laural,Angier
Dani,Hurry
Samaria,MacGruer
Ardenia,Shrieves
Chuck,Petow
Clemmy,McGlew
Allison,Cartwight
Melva,Owers
Moises,Fearnside
Nyssa,Featherstonehaugh
Raimundo,Storcke
Lombard,Starie
Karissa,Quixley
Gerard,Hupka
Tuckie,Cambling
Currie,Kilmary
Fred,Colliber
Dalli,O'Cooney
Malissa,Ritch
Devland,Bicksteth
Noland,Alfonso
Augustus,Olifaunt
Channa,Learie
Keelia,Lamacraft
Sabina,Willisch
Kermie,Kingsmill
Rube,Gruszczak
Julie,Prew
Durante,Lewty
Ahmed,Latty
Angus,Petty
Crichton,Kuhle
Mar,Langstaff
Chastity,Stickney
Westleigh,Burgane
Lorraine,Ainger
Kass,Pimm
Lammond,McCaskell
Claudetta,Bolletti
Cirillo,Eggleson
Sterling,Szymanowski
Dane,Piris
Starla,Umpleby
Rafi,Thornhill
